id;imie;nazwisko;numer_telefonu;email;firma;nip;ulica;miejscowosc;kod_pocztowy;kraj
1;mobile Fish;Home Loan Account Table Computer;5808;Sammie.Hartmann@yahoo.com;deposit Tasty Metal Bacon Implementation;77;Officer;methodology Albania;Home Namibia;Steel zero administration
2;Multi-channelled Licensed;grey Cambridgeshire;59241;Alyce_Stokes@yahoo.com;Centers;1326;Usability South Dakota envisioneer;Intelligent;Monitored Bahamian Dollar Investment Account;Games Regional Digitized
3;copy convergence;Mayotte;18485;Wade.Spinka93@gmail.com;Chief Credit Card Account;92187;Awesome;Aruba;software scale interactive;Louisiana Specialist Home Loan Account
4;Plastic;Car Industrial deliverables;39488;Eldora81@gmail.com;monitor;72900;quantify Unbranded Plastic Tuna Frozen;generating Highway Ergonomic;moratorium moratorium;New York tangible Mississippi
5;Frozen bus;hard drive Robust Networked;4043;Mercedes2@yahoo.com;Intelligent Outdoors;63641;knowledge base Buckinghamshire;Concrete Investment Account Saint Lucia;User-centric;Money Market Account
6;Salad Web virtual;Refined Squares;21844;Haven_Trantow32@gmail.com;Fresh granular Direct;27213;withdrawal;copying;ability Hat Iraq;magenta Concrete
7;User-centric Gloves;Mauritania;70301;Frank.Bergnaum96@yahoo.com;Quality-focused;49724;capability zero tolerance Computers;Analyst paradigms;encompassing;deposit Canadian Dollar Lebanon
8;Designer Persistent;Handmade 24/7 Re-contextualized;80313;Janice_Murray39@yahoo.com;bypassing optical;15071;Bedfordshire;Refined Rubber Gloves Algerian Dinar Clothing;open-source turn-key;Sausages
9;disintermediate Cambridgeshire hacking;bricks-and-clicks Concrete Global;87733;Destany.Farrell@hotmail.com;Designer Borders content-based;99625;Agent;Human deposit;even-keeled Saint Helena Pound;Internal AI optical
10;bypassing Marketing;Dynamic Home Loan Account Tools;10147;Malachi28@hotmail.com;knowledge user;48561;Ports Manager Fish;Networked;Fish;payment calculating
